seed,method,acc,macro_f1
0,source_only,0.8597,0.7806
0,dann,0.9984,0.9979
0,dt_dann,0.9781,0.9713
0,rand_dann,0.9943,0.9926
1,source_only,0.9132,0.8696
1,dann,0.9992,0.9989
1,dt_dann,0.7121,0.5637
1,rand_dann,1.0000,1.0000
2,source_only,0.8929,0.8352
2,dann,1.0000,1.0000
2,dt_dann,0.9205,0.8683
2,rand_dann,0.9992,0.9989
3,source_only,0.7697,0.7421
3,dann,0.9992,0.9989
3,dt_dann,0.9124,0.8799
3,rand_dann,0.9749,0.9666
4,source_only,0.7786,0.6603
4,dann,0.9027,0.8566
4,dt_dann,0.8646,0.7936
4,rand_dann,0.9262,0.8962
