table,method,n,acc_mean,acc_std,f1_mean,f1_std
S0->S3 k5,src_pure,11,0.7650909090909092,0.10586232443857063,0.7008454545454545,0.0577381450033663
S0->S3 k5,source_only,22,0.8545727272727274,0.14505729645970364,0.7921136363636365,0.1754104622552345
S0->S3 k5,dann,21,0.9346238095238094,0.1682041387429258,0.9068571428571429,0.2140223098549454
S0->S3 k5,rand_dann,14,0.9557499999999999,0.05436777866662254,0.9314714285714286,0.08994489923258117
S0->S3 k5,dt_dann,18,0.8715055555555555,0.12329438787003615,0.8322166666666668,0.14923149894636112
S0->S3 k5,fp_phys_dann,14,0.9862714285714286,0.020469644025498147,0.9819571428571429,0.027803255572111746
S0->S3 k5,fp_dann,17,0.9985294117647058,0.004137030009685466,0.9981176470588236,0.005391413139441125
S1->S3 k5,source_only,2,0.8885000000000001,0.11149999999999999,0.87955,0.12045
S1->S3 k5,dann,2,1.0,0.0,1.0,0.0
S1->S3 k5,fp_phys_dann,3,0.9986666666666667,0.0009977753031397067,0.9986333333333333,0.000967241208569792
S1->S3 k5,fp_dann,3,0.9970333333333333,0.0036444783196257565,0.9960666666666667,0.004805783552716015
S3->S0 k5,source_only,2,0.90345,0.09655000000000002,0.8937999999999999,0.10620000000000002
S3->S0 k5,dann,2,0.99615,0.00385000000000002,0.99575,0.004249999999999976
S3->S0 k5,fp_phys_dann,3,0.9929666666666667,0.003947432358156636,0.9922666666666666,0.004353032148846256
S3->S0 k5,fp_dann,3,0.9763000000000001,0.024176159055289692,0.9784333333333333,0.020263322092446277
S3->S1 k5,source_only,2,0.9414,0.058599999999999985,0.9031,0.09689999999999999
S3->S1 k5,dann,2,0.9922500000000001,0.007749999999999979,0.98975,0.010249999999999981
S3->S1 k5,fp_phys_dann,3,0.9964666666666667,0.00233285709425633,0.9956,0.0027361773821641673
S3->S1 k5,fp_dann,3,0.9975666666666667,0.002400462918318523,0.9968,0.003159113799786242
S3->S2 k5,source_only,2,0.9238500000000001,0.07615,0.8673,0.13269999999999998
S3->S2 k5,dann,2,0.9943,0.005699999999999983,0.99255,0.007450000000000012
S3->S2 k5,fp_phys_dann,3,1.0,0.0,1.0,0.0
S3->S2 k5,fp_dann,3,1.0,0.0,1.0,0.0
S0->S3 k1,source_only,4,0.7804,0.10170385931713703,0.717175,0.06142260882606664
S0->S3 k1,dann,4,0.990075,0.010093902862619589,0.9870249999999999,0.013219564100226623
S0->S3 k1,rand_dann,1,0.7251,0.0,0.8279,0.0
S0->S3 k1,dt_dann,1,0.9838,0.0,0.9794,0.0
S0->S3 k1,fp_dann,3,0.9992,0.0006531972647421995,0.9989333333333333,0.0008576453553512367
S0->S3 k3,source_only,4,0.8672,0.03136263700647634,0.7901999999999999,0.05318707549771843
S0->S3 k3,dann,4,0.9811249999999999,0.02216363857763434,0.9749000000000001,0.029736593617965042
S0->S3 k3,rand_dann,1,0.9651,0.0,0.9514,0.0
S0->S3 k3,dt_dann,1,0.8013,0.0,0.687,0.0
S0->S3 k3,fp_dann,3,0.9994666666666667,0.00037712361663283614,0.9992666666666666,0.0005185449728701301
S0->S3 k10,source_only,3,0.7121,0.16172769294918746,0.7134333333333333,0.1574347977911985
S0->S3 k10,dann,3,0.9994666666666667,0.0007542472332656723,0.9993,0.000989949493661162
S0->S3 k10,fp_dann,3,0.9994666666666667,0.00037712361663283614,0.9992666666666666,0.0005185449728701301
S0->S3 k20,source_only,3,0.9959333333333333,0.005751135153650581,0.9946999999999999,0.007495331880577416
S0->S3 k20,dann,3,0.9940666666666668,0.006265957406671541,0.9923000000000001,0.008103085831953172
S0->S3 k20,fp_dann,3,1.0,0.0,1.0,0.0
